36216,86661,-28073,-44699,0
45459,81674,-24586,-14621,0
3866,-26383,19242,10645,0
34566,95228,-40112,-35944,0
32924,-44552,45718,-9888,0
43684,96718,-39606,-31625,0
35912,30129,72888,56421,0
20922,-681,84636,-60216,0
32032,57588,-75345,-61251,0
15356,91772,-22718,-73535,0
12247,87779,-22135,-80647,0
39899,-27066,23946,86291,0
18993,76625,15394,-31108,0
-15768,10843,25462,-29362,0
3404,87261,-29915,-57242,0
46765,-33895,34896,14771,0
26719,30646,37158,58619,0
80355,28473,43439,6017,0
14479,-48794,83428,-21086,0
52423,110272,-4353,-41013,0
57867,78902,-26196,-48708,0
3292,-44552,45718,-9888,0
39362,101622,-38235,-40172,0
93584,88855,-16831,-16599,0
44338,9887,-46795,-37483,0
7057,-54981,83368,-28715,0
11432,-37413,55777,-63578,0
-38214,83909,21624,-37405,0
65633,98187,-44113,-32258,0
48906,-33584,34202,10905,0
-24811,-17797,49068,15429,0
14884,36274,3308,48921,0
42969,7617,-23874,-96164,0
-96511,94111,17305,-48629,0
-16162,80908,81628,60817,0
24391,64417,-80743,-69139,0
26881,60195,-46641,-69268,0
36289,81322,16277,77627,0
45679,31929,-21055,29653,0
34805,97008,-37541,-34379,0
41711,8722,-30224,-59699,0
-2062,92207,-37044,-68103,0
-68919,92931,-41243,-19638,0
96441,58395,23235,66365,0
28561,69176,-79372,48403,0
-7869,95663,-37867,-75034,0
20843,66258,48382,-22134,0
-7869,95663,-37867,-75034,0
39102,6065,-24534,-68234,0
16349,3286,28753,87054,0
43239,-48835,34356,-5776,0
5262,39834,-15572,10103,0
31452,5825,-51439,-14944,0
2549,61499,-11605,-12371,0
49264,5496,-24774,-50648,0
48265,80287,16371,11875,0
25635,67769,-61979,38576,0
5807,50097,-22384,43878,0
31377,-41096,45701,98963,0
-78289,113603,-37644,-70495,0
2888,44696,45907,-24398,0
49665,5527,17785,-47156,0
42586,112962,-40943,-43457,0
17939,-11174,15454,-26079,0
54021,31039,-11536,15651,0
25367,2599,20938,20085,0
46054,-40765,27587,31981,0
24235,95332,-30789,-27746,0
10009,77846,-28219,-26608,0
12326,89848,-9351,-24332,0
39529,-23548,23792,48274,0
41373,49248,1093,18276,0
47181,100153,-39486,-38582,0
41654,-34495,3643,10879,0
44069,109072,-45775,-44271,0
23066,35364,57551,41938,0
37935,79853,-25477,-1872,0
49175,61437,17828,-72113,0
24835,76439,9885,-87371,0
11317,39647,33979,84351,0
28033,90862,-33668,-10224,0
44682,22907,95766,83058,0
50185,85978,-29375,-1281,0
18664,77763,-23849,-29634,0
3245,663,-63435,86937,0
40296,26756,80685,71679,0
-11313,19037,75339,1022,0
87603,68141,84198,-17156,0
41197,-27956,20707,67412,0
38027,81529,21041,10245,0
14806,76377,-27876,-10341,0
40632,3584,72545,39481,0
43064,82068,-27824,-14336,0
24486,-63175,79632,20602,0
32718,17837,21161,61334,0
-64472,-46062,8347,-27099,0
29543,1076,64577,89394,0
21616,-68804,81517,-81048,0
382,109279,-40112,-50284,0
-27419,114038,25394,-55793,0
33669,-51856,36935,-11427,0
45597,-24211,26413,16168,0
51129,-49871,62863,11189,0
33397,-46145,39823,-23751,0
42027,22761,96108,97282,0
35438,12395,1997,21547,0
23136,106651,-35288,-47672,0
-18584,7886,-16643,-18384,0
3106,95414,-42536,-4003,0
29163,108306,-33437,-4122,0
39922,-44676,37304,-1095,0
1518,56946,94818,-26738,0
32351,9647,-32074,-25948,0
42188,68162,-12804,76076,0
17819,69176,-12744,-15759,0
25331,29135,-822,-12243,0
38969,74163,-18245,14007,0
2108,67955,-1708,4905,0
28969,70768,229,18663,0
9297,-37971,46429,-2957,0
34642,106878,-34071,-4109,0
40713,104023,-41722,-47582,0
-14572,91214,17425,-51241,0
-15075,19224,71466,89136,0
-91718,99884,11804,-52263,0
2994,72011,-12153,3211,0
-2343,129516,33285,-59426,0
37818,-28846,22558,-15734,0
46689,13098,55404,1909,0
34663,11112,17425,13388,0
32697,-43414,36884,-29829,0
51302,86703,-28913,-15086,0
20139,61416,37929,56938,0
4339,55395,2033,-40432,0
-10401,93987,85998,-53336,0
41605,112196,-36136,-40819,0
5438,94669,-49417,-39202,0
5032,82026,-26256,-10341,0
52418,105388,-41174,-42797,0
-2062,92207,-37044,-68103,0
20911,94358,45512,1234,0
17317,-34765,41905,-99138,0
41736,33336,-14244,60429,0
39232,-32467,34579,83705,0
38481,101539,-38561,-42228,0
5195,-32633,30895,-9849,0
38584,78425,11033,17008,0
17496,-1759,51827,12922,0
36277,9829,68861,63403,0
27391,74018,71684,-25302,0
45447,82274,-24166,-15875,0
-17599,119211,26756,-33241,0
50691,21313,20278,12095,0
34591,11112,-42039,-50931,0
19358,81654,-23425,-22586,0
2486,-99533,53404,-15475,0
24226,-45752,5947,21507,0
39479,-37723,2883,19813,0
22634,-44862,36558,-61251,0
13566,42358,21341,3211,0
50452,38964,-14304,86291,0
35499,86165,-32794,-12009,0
17346,78695,26876,-37883,0
24008,93593,-33565,-33526,0
48851,15995,-29081,16401,0
41927,-32674,25839,21766,0
11166,86496,-96252,-18112,0
10235,6901,-20062,-27125,0
-1803,118818,20458,-52728,0
11739,62761,-15495,-24746,0
5706,-248,12421,-5621,0
40552,-24583,22806,10323,0
-16952,10657,88294,94955,0
-11193,107271,20938,-56504,0
18799,24707,24931,37671,0
3583,-37971,34391,-12501,0
19081,91297,-3725,-58224,0
36582,56864,-17157,-23751,0
-13144,-17775,83316,35214,0
23925,9798,-30361,-28224,0
16426,30149,22849,-147,0
-11783,-15789,803,-28031,0
-69572,86165,18419,-43289,0
29421,74101,-97709,-88406,0
-17559,119459,30946,-48978,0
-12537,108803,1931,-43237,0
32585,-44614,38024,-15087,0
18314,63672,-36278,49554,0
45645,-36275,28684,27714,0
27365,-50325,66608,-57889,0
9297,-37971,46429,-2957,0
39663,101684,-41131,-46056,0
14578,-8485,41785,59136,0
48272,30687,68604,80731,0
-2341,123784,70403,-75836,0
-18584,7886,-16643,-18384,0
41454,7257,-19153,-86078,0
19157,60816,23705,-20116,0
40215,-21914,24648,11409,0
58862,58747,-28167,-30087,0
-20897,108265,23603,-34198,0
40026,-35943,35573,26809,0
-78689,95663,-37867,-75034,0
41757,102615,-38552,-43056,0
83292,75404,65005,-92544,0
48077,22327,-26334,15534,0
53063,52684,-28904,-52716,0
25605,92683,-35913,-1356,0
21059,76046,-47755,-18461,0
21721,-73874,54672,-72371,0
42899,91814,-46067,-43263,0
35156,101891,-42759,-4978,0
2614,80081,-37258,-13069,0
68087,23259,49085,54998,0
41962,74493,83256,753,0
60919,29673,-13267,14551,0
13234,32964,2362,-11984,0
13264,10326,56566,-41337,0
-16735,76274,12061,-36241,0
-13,102678,-2953,-58638,0
-22261,125398,29438,-35258,0
24196,64665,-75688,228,0
10987,6394,5989,-58277,0
46464,105326,-45852,-4206,0
-36038,41158,31143,-37199,0
13562,32136,43465,78662,0
5706,-248,12421,-5621,0
-26479,101374,-1331,-54707,0
31219,-3137,19259,-37458,0
54944,15478,41694,19284,0
-13389,1552,70806,1031,0
-23361,119604,30835,-54435,0
22596,-33118,47355,-2776,0
46901,-63321,73848,36507,0
27296,28701,51124,5099,0
20466,203,21761,-83634,0
-13274,9498,24408,-52689,0
38905,-21521,26302,11047,0
39994,90427,11693,16892,0
23952,95083,-31783,-30086,0
32704,69321,-10456,23447,0
-13931,15664,75382,78403,0
16406,35488,13964,-36424,0
27744,68576,-10671,75416,0
24287,93821,-32477,-14543,0
42134,-2806,20116,67412,0
16472,48213,47449,1225,0
20597,-99326,52119,-29312,0
3798,7098,7572,-4444,0
10135,84551,-1672,-20815,0
45691,-44552,31769,42961,0
57461,101105,-16917,-43922,0
5734,91938,-9094,-1872,0
52868,3257,-13721,11668,0
40102,106568,-41388,-50646,0
41425,-36792,38281,16297,0
30934,-29177,22232,22283,0
22034,59947,53009,84998,0
3744,79459,95851,10077,0
30329,22948,21135,35084,0
37731,72073,-16814,-94742,0
31557,28908,59693,79825,0
18114,76067,-9788,-24668,0
4988,72052,-32846,-11608,0
2483,66155,-79287,-90863,0
1594,47055,13758,81882,0
-16103,97484,15394,-16134,0
38496,97939,-41508,-44582,0
9297,-37971,46429,-2957,0
49342,24107,-17594,16245,0
38417,100215,-42699,-49159,0
53915,99946,-38081,-33642,0
44072,-70365,20416,11319,0
26946,67976,-40301,44912,0
52756,13863,12138,11435,0
34312,62637,-19513,-36165,0
4052,-16555,45383,51248,0
13638,-47759,84182,-18836,0
89566,77763,-27473,-19353,0
19265,77557,-16823,-30771,0
20977,-46146,77267,90946,0
4068,-29363,21992,50084,0
2877,-40599,36259,-32544,0
3223,-89808,80883,69222,0
-13,102678,-2953,-58638,0
17747,-64334,815,-89828,0
13419,-44221,809,-17349,0
89606,105471,-14175,-40327,0
44125,29487,43225,7155,0
32422,62265,12224,-14466,0
25678,35136,61406,-40691,0
-22153,119625,78538,-77853,0
41349,61189,-24294,-19613,0
1934,0,4816,-33967,0
25068,11588,39249,12585,0
21464,60795,-5778,-22302,0
51979,70521,-20541,-31508,0
12706,8035,-19651,-21888,0
1143,83391,54552,-56984,0
22928,90386,-32417,-12991,0
3292,-44552,45718,-9888,0
29719,68369,-2702,71291,0
16849,87489,-12641,-13858,0
-19177,116894,25454,-32763,0
23729,104726,-30087,-32013,0
10284,9767,-13687,-17853,0
27451,92186,-32863,-48448,0
16032,-47863,85193,-21203,0
4616,101788,-42185,-44245,0
42478,76956,-27696,-10767,0
40215,-27004,24957,36636,0
50297,-49704,35025,-23751,0
15902,22948,32403,18404,0
21274,51939,-17971,-11763,0
11811,83847,-20567,-90345,0
3292,-44552,45718,-9888,0
57353,52808,-22598,75416,0
26718,56574,72974,-14892,0
15799,-47076,79186,-15487,0
29499,22493,13458,-37083,0
5195,-32633,30895,-9849,0
37352,95911,-39032,-33487,0
-17344,20175,77618,93532,0
3884,100277,-39298,-40819,0
35257,12829,19276,17991,0
44549,24976,10313,96894,0
-16108,-64624,83573,-15216,0
42164,94607,-49288,-52366,0
35152,68224,-67377,-46898,0
16988,29094,29044,11033,0
10607,24542,25188,-17027,0
20421,12436,42171,90429,0
35594,13078,1291,16556,0
30009,58126,-22306,-66553,0
39294,14112,18076,89782,0
34667,-40724,42882,15418,0
3966,39213,70574,33662,0
10191,233,49334,82929,0
96414,5616,22138,-12501,0
18205,67562,99913,39481,0
49923,78653,-23515,-71984,0
-11804,115093,15565,-68194,0
40329,23175,89082,11823,0
66018,103878,-14029,-39151,0
35982,71307,-13035,21248,0
-18584,7886,-16643,-18384,0
40972,46972,16671,91593,0
33299,91254,15806,39352,0
31088,31122,80857,4336,0
-42859,85234,31392,-91639,0
-12528,102036,21787,-56038,0
5195,-32633,30895,-9849,0
3292,-44552,45718,-9888,0
88872,53449,2045,-19355,0
35458,93718,-40351,-39564,0
-21661,80329,18848,-38853,0
27206,90821,-33111,-96811,0
32051,86889,-29033,-7819,0
26917,108161,-33,-42888,0
-23242,115176,18231,-5375,0
27161,-42006,41914,16981,0
33848,32674,90967,25128,0
17452,48028,20878,62627,0
2805,57732,13424,12133,0
57823,55788,-24089,-56479,0
38999,1734,16011,96765,0
35189,6332,-17791,-20273,0
32294,77391,-37816,-25405,0
34985,31639,22677,-1651,0
21948,13781,11582,85774,0
22526,99636,-31749,-29944,0
41529,-39358,28633,-17686,0
74307,1117,-13824,-40728,0
19105,8871,-23386,-75604,0
-15055,70346,68681,-50648,0
58836,107727,-13884,-43276,0
32303,78384,-35348,-12151,0
-19922,116542,26542,-52107,0
28523,90096,-3761,-33371,0
42772,24955,48554,36119,0
15099,39307,62332,-30346,0
54188,101457,-4084,-36991,0
86202,26963,42908,54739,0
38117,101457,-40463,-45629,0
54777,103754,-15435,-41633,0
23718,74908,15989,-17414,0
-24953,111472,19353,-34638,0
46361,-26611,28358,11991,0
-22527,115321,25899,-32737,0
37982,10423,-41602,-49728,0
-36279,82895,-19213,-33332,0
21265,68783,44784,-22224,0
86736,55643,16765,-16769,0
37831,100526,-38869,-37366,0
-22623,121177,28846,-77581,0
12616,44303,-13335,-17517,0
26799,31349,34073,58489,0
-39816,59781,13912,-11621,0
43937,35798,20416,12004,0
29695,56222,27561,-11556,0
13049,-15521,64911,-75346,0
22123,-58395,77687,-85302,0
19647,69383,57722,66377,0
30864,-25845,22309,30947,0
3798,7098,7572,-4444,0
58982,74266,12353,-29595,0
14783,7946,10742,-33409,0
-62025,61975,1099,-1131,0
4223,11319,72202,96118,0
64295,71018,3493,-41337,0
1941,46351,46472,10879,0
40047,45937,13621,16181,0
37767,97794,-39075,-35323,0
34769,-15314,253,24495,0
19818,92621,-3521,-1872,0
38023,-38696,4044,95343,0
43483,111079,-40857,-42539,0
11518,13864,52727,-43536,0
-12576,15892,70078,42455,0
19572,-51153,86127,-14297,0
-2484,121611,28204,-37418,0
-11497,12954,7701,62627,0
48368,100132,-43239,-43276,0
-12196,88068,94566,-42267,0
19429,63961,92248,58102,0
1742,-4809,82142,-20659,0
-15222,108409,27827,-40974,0
-13,102678,-2953,-58638,0
34246,-14693,80342,29136,0
25503,-49518,63729,-41596,0
15691,63465,-1828,-24099,0
13087,49228,20013,22024,0
51776,82316,-32511,-15694,0
2229,96325,-31123,-27164,0
56272,100857,-42931,-38142,0
12138,87986,-21672,-74182,0
3798,7098,7572,-4444,0
5415,60319,16825,-46122,0
40524,56802,-19693,26279,0
47285,21065,-28305,15625,0
34359,66216,21041,18922,0
86816,102429,-14912,-40082,0
3359,98022,-38209,-37133,0
36702,29942,85141,30688,0
13349,61189,46497,49826,0
31887,-34143,27742,-2026,0
24527,29653,20021,-56479,0
39121,29735,92852,60558,0
39364,105885,-3725,-43133,0
39414,-32902,31674,10866,0
36922,-39585,43439,13517,0
5681,7795,-26848,-92544,0
77124,90862,-12281,-14996,0
35761,97753,-39795,-34638,0
1602,61251,52924,47886,0
26682,10216,-34414,-40069,0
20007,18644,26491,47369,0
64215,31287,42933,64696,0
43848,-30729,30423,12741,0
77445,90552,-24089,-13884,0
96574,8393,-1361,-14659,0
30948,87324,-29007,-96682,0
49362,76046,-23429,-85302,0
-19458,112217,19079,-34405,0
57403,-44284,38015,13763,0
-26989,121984,67661,-85482,0
11472,35985,19387,-43406,0
29742,896,-29024,-10379,0
45707,72094,-32794,-14944,0
1848,65079,20133,-87242,0
87256,92931,-7843,-21978,0
39559,68866,10588,-67587,0
38384,61851,-20439,-33204,0
28209,73108,-81857,-18784,0
25817,97546,-31749,-29957,0
38213,23175,20133,20564,0
3798,7098,7572,-4444,0
34893,669,-12042,-38751,0
-17781,8546,71303,27572,0
20962,24769,19379,-40962,0
94732,-57113,71903,-67587,0
28261,94007,-33034,-10509,0
71249,83661,50781,-38155,0
96788,71907,12798,-24565,0
47432,21086,1368,16543,0
36575,72797,-22692,-1144,0
38832,64023,-2432,-98363,0
34776,8811,-31886,-92285,0
11315,79212,1093,-28444,0
28237,28597,19678,57196,0
19321,60423,26019,-2053,0
30632,-33315,51305,8267,0
-18411,108306,2769,-30901,0
28084,113045,-33394,-44194,0
25698,-44076,59856,78002,0
-12624,103216,-37121,-61185,0
33756,-40951,4367,10698,0
-48008,-16037,84756,75558,0
5706,-248,12421,-5621,0
88444,65906,55837,-44182,0
38644,37061,70403,35214,0
12999,25762,20107,-18967,0
20051,-68638,8132,-2401,0
49294,27727,20792,33662,0
28297,63485,-73546,-58665,0
2565,8633,-29941,-13082,0
2093,83061,22844,-32724,0
46014,56264,-21235,19309,0
50617,-35799,44698,99868,0
-2951,90489,-52725,-20789,0
3577,24004,18908,73231,0
39433,25017,15215,903,0
26648,10754,-33994,-41685,0
59374,61664,-25905,-36553,0
20153,18479,31375,42843,0
58782,59409,-28544,-60863,0
-23983,12606,29464,-57888,0
1762,43682,21384,75429,0
42406,-24852,1608,7155,0
34669,687,-10568,-73147,0
31896,57526,-18537,-30087,0
81356,91566,-21492,-41814,0
52855,96427,40243,-10483,0
21319,-20403,25574,-61652,0
33111,45731,2057,-18967,0
12746,88172,-15323,-17957,0
22091,74556,-13284,-33021,0
25328,7528,-41929,-26478,0
36244,14609,13501,19284,0
-13885,125026,69118,-75487,0
57227,58312,-24097,-24527,0
33583,103567,-37301,-36991,0
25227,22369,27236,79438,0
45304,67334,10708,-9332,0
48278,77598,-24491,-12216,0
19476,-47738,8527,-18668,0
27659,66216,41494,-28406,0
-10648,-76771,77575,64179,0
72252,-53811,56703,-13509,0
42475,14816,-48355,95343,0
39772,33521,22566,21625,0
36667,4302,55923,33791,0
28232,108513,-31466,-39784,0
-14217,116542,-57699,-71025,0
42458,11981,66633,94696,0
41038,-48069,33491,-49225,0
14507,87903,-22324,-65259,0
34647,-39172,39746,36119,0
18533,61458,10176,-20401,0
35288,71596,19507,19375,0
39719,10367,75973,10013,0
3534,93614,-36316,-12461,0
36894,9887,-40788,-43664,0
30672,-44117,38238,-81682,0
26463,-48152,63549,3003,0
22893,3733,6312,-39786,0
15673,79274,-56842,-21694,0
40405,51524,10279,1106,0
43846,-48794,33662,-29324,0
20165,-25246,51707,10763,0
40446,111741,-43582,-47401,0
-33729,-64976,76659,72326,0
-24604,127302,91738,-76418,0
41195,109258,-38929,-41802,0
20193,82356,46369,14202,0
15701,79129,29018,-21953,0
26415,7586,-28562,-16677,0
50214,80764,-30515,-17155,0
43435,33295,83598,64955,0
18238,-67748,83873,-54139,0
39382,9291,78543,6767,0
22517,-51422,42916,-12487,0
5504,103671,-4413,-40211,0
28521,9171,-36461,-12047,0
11676,91566,-20867,-80647,0
26104,80081,-23592,-17608,0
32444,10067,-11982,-41284,0
38962,-47904,33954,-53751,0
21752,-8091,51022,-67975,0
11588,89331,-20807,-11272,0
47072,82957,-25605,-14905,0
-19667,118052,-40472,-78719,0
40552,40143,14563,65343,0
23678,-6839,84207,-44829,0
33565,68369,69718,-55691,0
43398,-53036,38803,-70432,0
15456,85482,4187,-21784,0
14276,83847,-20995,-19677,0
-27802,81881,-31338,-25276,0
93611,86413,-16351,-13043,0
46352,-30087,26773,1212,0
15268,-55871,86564,-1722,0
95626,24728,44578,21636,0
-27914,17734,67756,-39915,0
52032,35116,-12538,10129,0
31836,72321,-10713,-25909,0
65497,51815,10673,-42113,0
56084,103009,-48003,-43534,0
1105,74432,41099,-30332,0
39292,-29156,22129,30817,0
11558,64003,15506,6961,0
25581,26218,18513,40257,0
27831,109796,-3557,-44039,0
37635,27811,66119,34179,0
-26479,101374,-1331,-54707,0
10652,83682,-14004,-16509,0
-14275,118797,41613,-69978,0
57456,101808,-47857,-43366,0
5086,32798,-12701,11189,0
34092,54049,-25228,-89958,0
-2361,93221,21307,-43793,0
38197,89951,-4383,-40327,0
-11391,18127,69144,70127,0
49249,68906,77344,12095,0
25089,6841,-29423,44912,0
-2062,92207,-37044,-68103,0
3946,68514,-15443,-5582,0
-278,81881,-31338,-25276,0
18592,32074,-15966,-26208,0
56953,76294,15754,-32233,0
34626,-4449,35427,15429,0
33951,11484,21401,20862,0
50429,-52974,50439,1106,0
37758,71783,-15195,40128,0
46562,76398,-24243,-12384,0
40948,-29674,23689,75429,0
18384,6063,54723,51248,0
20153,43661,45864,-3151,0
35251,7201,16928,64438,0
3757,-54236,38255,-12526,0
25989,35178,7623,81119,0
18994,97462,42265,81377,0
36941,-39482,42625,11577,0
44295,-23507,17048,90946,0
68248,52187,-25425,5461,0
18967,-25163,28093,-79742,0
21526,-61665,80831,-34355,0
33004,70811,-13258,22283,0
27213,705,-58808,41809,0
38846,-30336,25334,20214,0
41665,-4449,23448,27843,0
94225,58561,18762,-32544,0
51321,-31048,32616,11151,0
38251,68121,18128,-61251,0
30333,-25928,23183,303,0
29233,60464,-11168,-58665,0
1162,102926,-12821,-40392,0
37791,25762,13098,5655,0
77765,59781,11941,-3526,0
-38388,-10471,80514,49567,0
21084,94359,-94543,-1859,0
29571,-45938,59068,57196,0
46439,-33729,25976,55257,0
33577,-43062,60241,18274,0
35127,29073,10579,40774,0
26562,107044,-33085,-40767,0
-13612,10694,17022,-29026,0
-278,81881,-31338,-25276,0
104,-69321,82888,-12991,0
21881,27356,13278,-1832,0
42756,-26528,21375,94437,0
-11996,68741,91995,-6694,0
29736,87944,-36359,-13754,0
37798,-33109,26491,66365,0
53586,37557,-17345,10789,0
18373,61292,84027,55257,0
12262,89599,57568,-11596,0
-48008,-56078,77215,453,0
5706,-24841,12421,-56208,0
43634,46351,14281,20202,0
3482,-41634,35008,-78462,0
51947,-32633,30895,-98492,0
23164,-2628,31529,-8622,0
-18348,110334,31863,-48888,0
13754,88793,-19136,-53751,0
-16682,58974,49839,-70044,0
29961,71328,-31475,-11828,0
25035,93262,-36873,-62543,0
24673,13926,17125,41421,0
77805,66424,-11425,-10573,0
34465,29508,10271,5461,0
22429,-41427,52333,-40173,0
37321,-3884,33577,-60486,0
43365,-3584,36884,74912,0
-20759,108223,26439,-4837,0
40715,76398,-20824,-11698,0
76163,58209,11959,-64613,0
-53966,73273,46583,-14543,0
26213,57919,65686,-15759,0
30242,-33378,25865,-54785,0
58519,53905,-24037,-61652,0
5706,-248,12421,-5621,0
39771,111513,-39272,-43444,0
15478,91814,-16326,-17375,0
74054,36625,21992,48403,0
49571,102243,-1097,-40159,0
1645,78612,-87598,-35569,0
36077,68576,-11622,28231,0
32403,-37082,52804,41291,0
39166,102491,-40926,-44659,0
39262,60299,-20156,-65531,0
5591,104643,-43839,-43379,0
37522,-36978,39943,13051,0
13114,45462,22935,22541,0
37022,69942,-18511,-12889,0
4364,-31039,23757,78532,0
35829,14423,10219,14008,0
465,-48297,34553,-25174,0
51731,39606,-1983,40774,0
32692,34184,20706,-66824,0
24012,16223,30312,71679,0
17257,-44697,82219,-18073,0
47965,69859,-19967,-35001,0
40962,101891,-39323,-41827,0
25559,33605,20321,26809,0
34916,85709,-30326,-59182,0
5195,-32633,30895,-9849,0
29856,72673,-409,-22431,0
40932,54132,-18219,23576,0
17748,-76978,55854,13039,0
52012,32694,17965,11797,0
-45062,-13678,70858,-40303,0
48451,81116,-29512,-14724,0
74841,72756,11504,-5388,0
51213,85565,-33917,-15474,0
36181,-37454,28273,-71208,0
40498,85234,14461,-39306,0
-26479,101374,-1331,-54707,0
37984,70975,75716,-44441,0
-95923,91039,62204,-14828,0
28672,100008,-32049,-31095,0
10182,9109,-62064,-17129,0
-27143,114535,21092,-39629,0
38244,-31081,24537,52024,0
27961,2121,18385,38317,0
35358,67086,-81857,47886,0
-7056,87241,22215,-45965,0
41542,72756,-24766,-12099,0
92703,94318,-66263,-16728,0
18216,-64748,80514,-41855,0
-24473,126247,73573,-76612,0
35862,-30957,28093,24481,0
66191,96594,-28819,-16638,0
47926,17071,-51701,14926,0
49852,83516,-25425,-12823,0
75736,30294,29164,-68117,0
46499,76336,-19427,-37458,0
-23579,71742,78457,-75734,0
85574,82678,66042,-53104,0
88298,66009,60096,-43277,0
40422,-4391,47466,1137,0
22546,80992,-24877,-32698,0
38478,65989,-3336,-56466,0
31541,-51711,65991,57455,0
23969,23589,48477,1437,0
47114,20755,-2702,12379,0
40127,101477,-39366,-40728,0
26606,31681,19619,18662,0
3931,18541,-23425,12314,0
1727,8693,13989,-39668,0
32414,40971,14015,11952,0
22504,35757,35273,2836,0
-13971,33191,-13927,-19948,1
39012,-14279,-31994,35084,1
-16677,-71535,78929,96765,1
-38483,-128047,156824,-1281,1
-35681,-8213,10083,96765,1
-22804,-30626,13347,13763,1
-17582,27397,-25323,-2234,1
-89409,31991,-18219,-29452,1
3434,12415,-28733,14654,1
-9854,-6661,58245,5461,1
-24115,-91359,93444,-65259,1
-15252,-62534,53524,59912,1
-61442,-91058,-31818,50214,1
-36506,28928,-36461,-30603,1
-59034,65679,67661,-66797,1
-18215,27521,-72261,-2353,1
-77461,-18768,24023,11319,1
-18187,-90366,90162,-12243,1
-35801,-129309,131779,-25677,1
-18219,-68824,54681,57313,1
-3481,-38696,-47841,62627,1
47368,33605,-45064,-40431,1
-34083,48587,-76888,-48668,1
-16662,-30005,14238,24986,1
-20962,-71059,66188,-33708,1
-26685,-104519,91139,-17323,1
-47465,-43496,19901,7517,1
10552,11857,-26411,11033,1
11644,38095,-49408,-40909,1
-44779,73708,-31218,-67754,1
-27338,45523,24391,21766,1
-2286,-54484,58039,88231,1
-16244,-63444,46575,16981,1
50813,47799,-19804,57714,1
16408,42503,-49023,-26621,1
81583,484,-52613,-60823,1
-54901,91048,-38758,-59763,1
-32238,27935,32274,-86078,1
-20631,-15147,1219,44524,1
-91318,-20113,-19565,66365,1
6005,19327,-32888,-32415,1
91315,33377,-40557,-16741,1
-28015,30729,-33857,-29155,1
-36085,33253,-51954,-35737,1
-62003,86806,91344,-3703,1
-42932,33419,77258,-99785,1
-30265,-62088,68604,-55186,1
-17015,-10356,-99337,-53104,1
-64326,24748,-29452,-10276,1
-86339,19348,-23729,-10897,1
-20659,10512,-46298,-10974,1
-21333,15685,-84261,-17453,1
-12568,-14733,28718,44653,1
-31128,-6841,107402,-10172,1
-48554,-59037,109818,-82199,1
-2588,38654,-3336,-12797,1
24394,14733,-14192,-58535,1
-15322,-50966,66779,17498,1
-40025,-134979,176772,-33202,1
-40173,-83123,124547,-14375,1
-30731,-53181,23877,77627,1
-1979,32301,-13575,-25819,1
-4294,-14693,44265,-15605,1
-2234,-70314,74936,61334,1
-4211,-124736,149704,-13884,1
-38073,-80971,101772,65084,1
-25912,-10554,12798,10414,1
-22482,30915,-23969,-26711,1
-14427,32922,-19702,-34392,1
-39416,-20702,-66267,-44699,1
-1522,-66383,57491,-10691,1
-28267,-90407,90694,-98233,1
-17263,-60237,52419,29524,1
-94255,39307,-24192,31593,1
-89569,30025,-36067,-34457,1
-62815,66651,52581,-70107,1
-23211,3166,-10002,-27151,1
-13414,-20776,28093,60688,1
-2258,-93263,93727,-85949,1
-38858,-128461,127957,-31353,1
-18969,-67893,52761,-32544,1
-52645,-24832,-45613,41938,1
96613,35612,-4407,-44103,1
-38826,4898,-92311,-50801,1
-21405,-16762,1321,-20906,1
-24824,-73046,6839,-59053,1
-29098,-100712,84156,-19948,1
-60975,-4002,18471,6017,1
83625,11071,-24706,-62945,1
60731,39544,-4772,-44853,1
-48861,70542,-17252,-6959,1
-31366,42212,26225,-64238,1
-25754,-56574,6103,65214,1
-18782,-65865,48486,-21566,1
24261,57318,-19402,44007,1
1296,42855,-48457,-29013,1
25943,50097,-50394,-63862,1
-5873,91752,-27448,-60422,1
-34605,26901,16165,-10224,1
-23797,-14402,11273,16076,1
-12424,-17175,-52553,-21036,1
20216,19182,-32828,-61768,1
59823,35012,-39795,-17841,1
-77995,32322,-3282,-31004,1
-41409,34619,-47841,-38879,1
-65084,87696,23191,-3937,1
-44996,34288,56265,-11672,1
-33125,10139,55323,-2957,1
-19423,3766,-12898,-82458,1
-75793,25349,-30464,-12629,1
-95403,19824,-23163,-11957,1
-22173,14671,-72689,-11724,1
-2799,19679,-42357,-21125,1
-18629,-84841,25377,97399,1
-35916,-62285,102389,-11543,1
-51216,-53118,103846,-10612,1
-32854,40372,-45356,-18228,1
-56877,14174,-14252,-11246,1
-23518,-48359,66479,-60358,1
-44861,-132889,173087,-32194,1
-43876,-77267,119655,-14543,1
-33604,-32696,21324,6017,1
-10112,29984,-11664,-16185,1
30219,-10512,14024,77369,1
-16514,-84985,91122,12379,1
-32692,-127406,155573,-14182,1
-25701,-68452,89999,21353,1
-13066,25244,7623,17758,1
-16637,32881,-22701,-22224,1
-55008,28659,-16488,-24319,1
21431,-69529,87711,29653,1
-77288,-74473,6492,36119,1
-18391,-90883,92416,-10432,1
-63298,-51277,45624,14797,1
40545,62905,-64121,75817,1
-28696,31784,-35767,-31896,1
-52406,66258,-19908,-68607,1
-14446,21438,-47241,-16677,1
-65767,-28018,37115,99739,1
-15449,-101498,96152,-12332,1
-28957,-120205,119149,-27552,1
-81479,-57381,43919,3211,1
50225,65388,-11793,39998,1
74521,36357,-44044,-41414,1
-29146,40537,-45699,-40327,1
-13907,-13781,23055,-21566,1
-1786,-81157,70858,-12112,1
-17322,-92828,7719,-17168,1
55298,-34619,17048,11008,1
2031,1852,-30121,3003,1
12279,40309,-46435,-39125,1
-42249,62699,15822,-55457,1
-25346,-77392,33602,171,1
-1749,-6332,60987,14266,1
-539,-5167,34399,52141,1
15631,89599,-19702,65472,1
23917,45565,-49888,-28987,1
89512,47738,-48431,-55909,1
-54808,81819,27818,-50323,1
-28833,17713,68946,-4638,1
-14174,-22535,1518,61981,1
4283,-94981,-10731,3211,1
15904,22121,-31183,-11725,1
17425,36833,-40129,-17207,1
-23356,32405,-30669,-27784,1
-36227,39958,-35845,-39047,1
-61536,79295,61663,-32646,1
-39172,26652,78886,-7819,1
-22214,-23798,56008,5602,1
-49241,89392,-16283,-56854,1
26517,24066,-28416,-59958,1
-10234,18189,-22169,-56725,1
-16176,10926,-35502,-59958,1
-18448,1254,27218,-10728,1
-12786,-24087,45735,47627,1
-2902,-76563,118318,-84268,1
-43773,-55167,10939,-4082,1
-20529,38385,-79544,-12138,1
18868,70148,-51182,55892,1
-17279,-6841,89494,68058,1
-33793,-137731,179274,-20323,1
-31273,-71121,113897,-83634,1
-2121,-5588,1949,1353,1
-17697,34329,-12144,-23789,1
-12852,13863,-19651,81754,1
-1682,-68121,71398,13323,1
-34917,-121736,143689,-61639,1
-31158,-86289,104403,97153,1
-20891,-48422,1704,17435,1
-16936,27852,-21835,-19276,1
-12846,32715,-17671,-32608,1
-92194,39315,-32846,-13794,1
-10292,-63879,55255,79955,1
-22083,-91069,89991,-28406,1
-10744,-63113,5355,80472,1
-51003,-23591,20273,76334,1
-36372,30439,-34816,-27836,1
-63979,64479,10836,-66176,1
-22501,33129,-88369,-28974,1
-11859,-12519,22635,77239,1
-18076,-88131,87086,-21682,1
-33863,-129889,130545,-27202,1
-14106,-7108,56454,31335,1
-21394,-68287,96532,11965,1
48797,35674,-43882,-38116,1
-38167,51401,-65063,-54306,1
-19555,20692,12473,-3707,1
-21786,-64479,60344,-20777,1
-23299,-99532,84756,-18733,1
31201,-40061,17956,91722,1
13518,10595,-23437,39998,1
12309,38923,-48277,-40069,1
-50301,75032,-13396,-75034,1
-30799,60836,27039,-23751,1
-22987,-5227,563,91722,1
-1239,-6541,48151,-33204,1
75896,29176,-16506,83834,1
16799,42068,-45398,-23931,1
63655,52022,-52159,-61211,1
-60598,92952,-43642,-63694,1
-3518,28763,1548,-12086,1
-20336,-14092,11582,36507,1
-69745,-17672,-34474,-12372,1
75108,19161,-31098,-20518,1
84546,34826,-36307,-13961,1
-55648,32136,-33085,-27965,1
-36817,32239,-69347,-34004,1
-67526,88172,-61983,-3725,1
-4577,34515,66719,-94742,1
-29883,31245,45041,68951,1
-14781,14277,-11622,-48579,1
-46651,23383,-29812,-10431,1
-8734,16533,-21964,-78061,1
-21234,11815,-55552,-81165,1
-23142,20838,-46813,-16767,1
-14233,-98912,23586,39481,1
-30866,-66362,105405,-89182,1
-47331,-61789,11388,-10741,1
-28829,38964,-1888,-11672,1
-36127,1525,-14089,-76121,1
-17104,-4778,62109,3974,1
-38203,-130551,169583,-23052,1
-37181,-85089,12363,-95518,1
-2899,-60424,26045,13776,1
-98193,27956,-12341,-15668,1
-17296,-11816,13818,7336,1
-19409,-86848,9155,94049,1
-35713,-124922,148881,-47027,1
-29915,-66258,86521,18198,1
-18483,31038,77344,14189,1
-22677,32964,-22563,-24642,1
-50816,2868,-18108,-22612,1
14329,-10885,10039,48791,1
-90784,-79026,67807,34179,1
-20042,-93676,93333,-10303,1
-93587,-51008,45367,13866,1
-40804,54214,-52725,6586,1
-8172,33812,-36684,-3456,1
-48392,66755,-24278,-65775,1
-12792,21376,-47584,-13974,1
-66008,-3226,38058,11836,1
-17713,-107665,102184,-10043,1
-30061,-122377,119552,-21603,1
-11022,-58395,45641,68705,1
11806,39108,-98223,42843,1
11686,3735,-44379,-43741,1
-27264,39213,-49212,-36371,1
-12369,-16906,2518,51636,1
-18439,-86475,76796,-66682,1
-18554,-96035,77764,-97716,1
16358,-33584,13749,13569,1
15077,19596,-30584,-12243,1
67886,41199,-4569,-41414,1
-39934,58333,54723,-49379,1
-23898,-78427,30141,76205,1
-17976,-67686,66753,89912,1
-70867,-55602,40483,903,1
10194,11029,-23,59395,1
17875,478,-51362,-32362,1
27331,48773,-49194,-58198,1
-51661,80433,44265,-44983,1
-27028,16327,83598,-91393,1
-14904,-22183,16054,89394,1
-14902,-10243,-94024,64955,1
88992,22638,-31046,-11855,1
10637,36957,-41594,-19379,1
-8471,31329,-30112,-29388,1
-39594,40289,-35845,-38957,1
-58818,76584,5558,-29155,1
-37747,25162,83341,-30993,1
-24198,-24418,70146,41809,1
-83535,80494,-16411,-19225,1
-30432,26528,-27756,-65647,1
-60254,17237,-21501,-77027,1
-21059,11815,-53324,-82716,1
-20441,12271,18564,-1091,1
-15621,-22121,42591,27972,1
-32305,-72135,116433,-94613,1
-48426,-49932,104052,-53104,1
-23147,36668,-6969,-12474,1
-11716,60422,-38587,-59065,1
-20066,-6719,90162,99985,1
-36961,-136779,175795,-26181,1
-36012,-65389,105234,-48967,1
-26286,18002,17956,97282,1
-82601,29611,-12864,-14647,1
31803,-99326,10947,88619,1
-14454,-84385,88483,96894,1
-31423,-130365,156773,-66165,1
-25373,-6959,88054,15289,1
-1366,18416,90539,15806,1
-17064,33088,-22829,-21978,1
-41965,29094,-17859,-22069,1
37637,-82358,78543,74524,1
-55355,-79233,67156,74394,1
-16001,-95828,94044,81882,1
-37013,-5554,47749,1547,1
12126,22347,-47327,97024,1
-27068,32674,-35562,-30888,1
-5119,66486,-49987,-65206,1
-13946,23134,-44499,-14905,1
-69879,-33771,41211,15043,1
-148,-105244,99176,-5026,1
-26649,-12813,126689,-19082,1
-62684,-6301,47843,1106,1
518,25865,-84085,96118,1
64376,3764,-44738,-40483,1
-29821,41986,-5898,-39642,1
-14628,-15706,24357,49826,1
-17101,-87903,79735,-45475,1
-15572,-98808,81088,-10806,1
74428,-37723,16131,15754,1
20177,17982,-29581,2099,1
1164,3913,-45544,-38672,1
-43667,60692,57208,-54668,1
-25919,-10553,38949,77757,1
-18046,-68141,67019,11681,1
-71868,-57154,38298,10233,1
14378,66837,-20267,10271,1
21943,45503,-4976,-27254,1
7376,48525,-47986,-56659,1
-5637,81261,13081,-50142,1
-30193,17775,73745,-45346,1
-16706,-209,1584,71162,1
-1269,-11505,-95138,57843,1
12198,20982,-31954,12843,1
14501,36067,-40557,-15966,1
-40857,30977,-29607,-26892,1
-38952,38157,-31304,-38194,1
-63679,80102,4247,-32207,1
-41429,27749,68261,-71984,1
-26864,-97265,61663,61192,1
-10555,79459,-16968,-46768,1
-29858,24769,-29512,-66165,1
-49948,17734,-22469,-68104,1
-19881,99945,-28562,-70044,1
-19389,15706,45979,-1122,1
-14375,-18624,4026,55127,1
-31875,-75756,118678,-57889,1
-46765,-56636,10969,-33449,1
-20285,38468,-63435,-1175,1
26637,73252,-67891,3533,1
-17589,-64624,84773,31981,1
-35985,-136593,176052,-24927,1
-33582,-72404,114419,-57113,1
-23629,-10554,19336,11358,1
-21802,33791,-12256,-26621,1
-40951,-15521,60545,-88807,1
-22918,-7257,79597,9211,1
-40214,-128006,156199,-95647,1
-33884,-8215,103315,98187,1
-20046,-49457,1333,16543,1
-17063,27956,-2378,-23491,1
-16386,33584,-17302,-35646,1
-41645,32487,-33617,-36036,1
-15877,-66072,58022,31593,1
-25961,-9349,97942,-28018,1
-15228,-64789,57568,87325,1
-53072,-97265,-21793,10426,1
-49081,28452,-36436,-31004,1
-65773,68017,85483,-75344,1
-24621,27645,-62578,-28573,1
-13995,-19162,25154,59912,1
-23221,-93304,9233,-79871,1
-373,-129723,129817,-2684,1
-16988,-71163,57902,16723,1
-26654,-64562,-42014,89136,1
33325,33108,-45081,-4012,1
-42091,47283,-49126,-52159,1
-23142,-68494,19833,-44829,1
-24835,-74494,68964,-64484,1
-27611,-105099,90239,-19547,1
-36025,-4449,21067,94308,1
10117,9022,-23506,42714,1
96708,38426,-49314,-41323,1
-52049,7259,70827,-73004,1
-33203,-2691,29618,-44958,1
-2565,-57899,60122,46968,1
-15951,-6572,47689,-94354,1
7049,17174,-17859,36119,1
17331,39544,-47412,-25017,1
6818,48504,-52133,-61043,1
-63364,92848,14275,-67844,1
-38053,24273,6809,-10871,1
-21979,-21252,17151,45171,1
-87874,-22121,-51701,99985,1
74067,17299,-31963,-1457,1
98296,34226,-39692,-17116,1
-3489,31929,-34054,-31832,1
-38552,35219,-38415,-38608,1
-69599,89931,2182,-4572,1
-47462,31205,1075,-12966,1
-32051,-14279,97565,45675,1
-17549,-80711,-75774,-3707,1
-59587,24811,-28673,-89828,1
-89542,20279,-23652,-12746,1
-20754,12767,-64206,-12642,1
-32778,18023,1805,-23931,1
-22183,-1254,29986,36378,1
-35895,-6572,105251,-16381,1
-50477,-58023,11244,-3901,1
-35741,3944,-7912,-21203,1
-7351,17361,-14938,-11582,1
-22617,-47428,63489,11162,1
-4244,-130634,171116,-28017,1
-40218,-8304,12555,-15099,1
-30201,-67253,27056,85774,1
-24941,35447,-13721,-28483,1
-83121,39307,5369,-23105,1
-25665,-68824,75416,70774,1
-44018,-129371,156559,-16806,1
-37573,-82916,103032,38059,1
-24725,-40145,14855,11189,1
-19725,28825,-23086,-23724,1
-20149,36874,-19385,-38918,1
-82053,65181,-48869,-52716,1
-17886,-63486,56154,42584,1
-29138,-94711,97668,-60216,1
-18343,-65907,56429,54998,1
-8734,-33118,-20165,55774,1
-70346,2957,-35947,-31457,1
-67387,69879,67833,-75887,1
-27723,32777,-9351,-31457,1
-16641,-13678,1997,52283,1
-24349,-92497,89922,-50001,1
-3793,-127095,127957,-2825,1
-19551,-69756,55383,-12889,1
-69078,-50077,-35417,47498,1
25013,33998,-44327,-42655,1
-43967,49601,-64892,-54719,1
-2456,-24418,14041,-45863,1
-262,-68555,62169,-62285,1
-29662,-103257,8784,-21138,1
-71494,-44448,22241,49826,1
6005,99945,-22126,97399,1
61652,38944,-47275,-43948,1
-54414,72363,10938,-75642,1
-35798,45937,23457,-45734,1
-27769,-56967,59179,37671,1
-18356,-67562,50585,-55044,1
30081,17381,-17542,48921,1
13403,41323,-47018,-25987,1
26877,4987,-51508,-63913,1
-65235,96014,-25392,-69642,1
-40679,24955,79571,-11039,1
-2564,-17051,15026,32757,1
-13414,-19162,-15538,-11984,1
23874,20879,-33522,-66553,1
6212,36771,-40771,-20711,1
-77848,34019,-34859,-35569,1
-41244,37909,-6532,-41802,1
-70421,92,25933,-46832,1
-49462,35716,82742,-14957,1
-35359,30417,6569,-2957,1
-20662,16967,-10054,-82975,1
-88728,2808,-31432,-12035,1
-10941,23072,-25237,-14453,1
-24458,16285,-88541,-14802,1
-3551,18955,1865,-24409,1
-22811,-85669,27185,44382,1
-36053,-5974,100916,-82846,1
-50676,-51877,104266,-86725,1
-39204,40723,-23678,-21151,1
-11306,18458,-13575,-13806,1
-24561,-45566,64534,-56479,1
-44775,-130303,170834,-30345,1
-41958,-81819,121291,-16017,1
-338,-7077,25325,71808,1
-24365,36026,-14166,-28948,1
-77688,13036,-31137,-35389,1
-27083,-68266,75339,59007,1
-45531,-125854,154417,-14983,1
-38894,-78322,98208,47498,1
-25084,-22763,1488,12069,1
-21652,30211,-24132,-24241,1
-18974,35074,-17842,-38491,1
-62043,5587,-38587,-66423,1
-18387,-6301,56506,19567,1
-3,-91566,95766,-73018,1
-19116,-61603,5606,48533,1
-1005,84831,-2462,45688,1
-87834,3257,-36778,-32944,1
-6651,67934,68604,-75887,1
-25463,31101,-83228,-30358,1
-14377,-1432,21144,42067,1
-24554,-90407,8862,-86983,1
-39411,-128792,130597,-33125,1
-21241,-68969,55992,-47156,1
-74324,-32902,-42785,23317,1
-71503,37412,-45415,-42526,1
-42333,49166,-49212,-53207,1
-23675,-43663,1692,-43018,1
-25526,-73625,69255,-66811,1
-30986,-104602,89717,-23427,1
-89809,-44862,22009,50731,1
56232,10015,-22726,-60486,1
53936,38944,-48166,-43418,1
-53012,73915,29699,-73987,1
-33553,35591,26473,-37846,1
-27908,-57133,5953,45946,1
-19983,-66072,48254,-41984,1
15423,11794,-16823,59524,1
1208,40744,-47635,-26129,1
2952,48856,-5149,-62323,1
-64247,95311,22844,-68517,1
-39933,26218,62863,-11595,1
-2659,-16058,13647,16464,1
-14094,-21252,-10397,-19225,1
11032,19741,-33668,-65259,1
52374,3644,-40746,-19909,1
-76794,34598,-34405,-34276,1
-39698,36812,-60008,-40133,1
-70364,92931,16594,-45396,1
-49447,33005,1063,-1444,1
-35933,22968,7126,-3332,1
-21674,12415,-10465,-86208,1
-9607,26963,-31226,-13121,1
-10802,21996,-25862,-12759,1
-23277,14381,-82114,-12862,1
-37244,19037,-35421,-25095,1
-25724,-95602,27073,-16639,1
-39297,-60816,100958,-10147,1
-52943,-51463,103332,-11181,1
-38953,40392,-3019,-21836,1
-12244,17485,-14801,-14181,1
-26406,-44159,5983,-13924,1
-46338,-127509,167166,-32168,1
-42887,-78633,118387,-18978,1
-33458,-50491,26328,53705,1
-11188,33357,-13455,-19573,1
55939,-3104,18307,44653,1
-15078,-73191,78981,12289,1
-3506,-125667,151606,-75216,1
-29498,-8273,102646,11629,1
-16029,-38903,162,19103,1
-12667,28183,-2426,-18862,1
-49281,30605,-18356,-2834,1
66365,-45533,-18794,23447,1
-72068,-67583,58408,62369,1
-19966,-95001,9682,-12889,1
-97325,-64168,56026,10323,1
-25314,-17383,-11339,12198,1
62525,29301,-35467,-26737,1
-5525,63258,89768,-66241,1
-12943,26735,-84085,-20323,1
-24037,-17837,2135,12418,1
-13968,-96698,94652,-34872,1
-29672,-132869,134727,-26271,1
-11005,-72508,60139,36895,1
22432,-52147,-40386,12017,1
90407,33708,-44987,-36965,1
-28619,45193,-58123,-42629,1
-10833,-31247,12815,41291,1
-15681,-72446,65537,-1276,1
-20545,-108679,94926,-14116,1
2346,-45152,21195,14448,1
1581,86909,-23138,82412,1
15514,38013,-49143,-37483,1
-41479,71225,-83404,-64172,1
-22625,-99335,28127,48662,1
-17479,-5823,58699,1212,1
-95923,-67128,49857,32886,1
13451,23589,-18785,13258,1
22279,40951,-48037,-21112,1
12572,48731,-52861,-58741,1
-53857,91214,-41929,-59181,1
-29786,23445,52667,-40173,1
-15851,-21562,17082,9017,1
-21888,-22038,-954,56421,1
13183,19017,-33111,65071,1
14896,34288,-40309,-14259,1
11592,32219,-34302,-28457,1
-33924,33564,-72004,-35233,1
-61632,87096,-21621,-36345,1
-40786,29239,87026,-65389,1
-25899,-3911,93452,42972,1
-10116,-19038,-90597,3003,1
66129,24914,-29401,-62156,1
-24745,19368,-24697,-80518,1
-15732,10636,-71232,-8388,1
-21668,15933,45122,-1678,1
-11667,-14237,29241,66119,1
-28391,-663,104849,-42113,1
-45046,-58126,108867,-52846,1
-241,37433,-40215,-12953,1
40614,13492,-14501,-55949,1
-13887,-48773,64774,34179,1
-37503,-134586,175932,-27771,1
-35637,-83827,12393,-12823,1
-25419,-65804,26842,11952,1
